ID,Titulo,Requerimiento,Tecnica,Prioridad,Precondiciones,Datos_prueba,Pasos,Resultado_esperado
CP-01,"Inicio de sesión con credenciales válidas","RF-01","Partición de equivalencia","Alta","Backend disponible; usuario admin existente","admin / admin123","Abrir login > ingresar credenciales > Ingresar","HTTP 200; ok=true; acceso al panel; sin contraseña en respuesta"
CP-02,"Inicio de sesión con credenciales inválidas","RF-01","Partición de equivalencia","Alta","Backend disponible","admin / incorrecta","Abrir login > ingresar credenciales > Ingresar","HTTP 401; ok=false; Credenciales inválidas; sin acceso"
CP-03,"Registrar paciente con todos los campos válidos","RF-02; RF-03","Partición de equivalencia","Alta","Usuario autenticado","Carlos; Prueba; 1995-05-15; 55551234; carlos.prueba@example.com","Completar formulario > registrar > consultar listado","HTTP 201; paciente creado activo y visible"
CP-04,"Registrar paciente sin correo electrónico","RF-02; RF-03","Partición de equivalencia","Media","Usuario autenticado","Ana; López; 1988-10-20; 55559876; correo vacío","Completar obligatorios > dejar correo vacío > registrar","HTTP 201; paciente creado"
CP-05,"Nombre con longitud mínima válida","RF-03","Análisis de valores límite","Media","Usuario autenticado","Nombre Al (2 caracteres); resto válido","Registrar paciente","Nombre aceptado; HTTP 201"
CP-06,"Nombre por debajo de longitud mínima","RF-03","Análisis de valores límite","Alta","Usuario autenticado","Nombre A (1 carácter); resto válido","Intentar registrar paciente","Rechazo; ok=false; no se crea paciente"
CP-07,"Edad exactamente en límite máximo","RF-03","Análisis de valores límite","Media","Usuario autenticado","Fecha actual menos exactamente 120 años","Registrar paciente","Fecha aceptada; paciente creado"
CP-08,"Edad superior al máximo","RF-03","Análisis de valores límite","Alta","Usuario autenticado","Fecha actual menos 121 años","Registrar paciente","Rechazo; edad no puede ser mayor a 120 años"
CP-09,"Teléfono con longitud mínima válida","RF-03","Análisis de valores límite","Media","Usuario autenticado","55551234 (8 caracteres)","Registrar paciente","Teléfono aceptado; paciente creado"
CP-10,"Teléfono por debajo de longitud mínima","RF-03","Análisis de valores límite","Alta","Usuario autenticado","5551234 (7 caracteres)","Registrar paciente","Rechazo; Teléfono inválido"
CP-11,"Buscar paciente por apellido existente","RF-04","Partición de equivalencia","Media","Existe paciente apellido Prueba","q=Prueba","Buscar paciente","HTTP 200; lista incluye coincidencia"
CP-12,"Buscar paciente sin coincidencias","RF-04","Partición de equivalencia","Baja","No existe criterio","q=ZZZ-No-Existe-999","Buscar paciente","HTTP 200; colección vacía"
CP-13,"Desactivar paciente existente","RF-05","Partición de equivalencia","Alta","Existe paciente activo","active=0","Actualizar paciente > consultar","HTTP 200; paciente inactivo"
CP-14,"Actualizar paciente con estado inválido","RF-05","Partición de equivalencia","Alta","Existe paciente","active=2","Actualizar paciente","Rechazo; Estado de paciente inválido; valor anterior conservado"
CP-15,"Consultar catálogo de médicos","RF-06","Partición de equivalencia","Media","Datos semilla cargados","GET /api/doctors","Consultar catálogo","HTTP 200; lista con id nombre especialidad"
CP-16,"Programar cita con todas las condiciones válidas","RF-07; RF-08","Tabla de decisión R1","Alta","Paciente activo; médico existente y disponible","Día hábil futuro; 09:00; Control general","Programar cita","HTTP 201; cita PROGRAMADA"
CP-17,"Rechazar cita para paciente inactivo","RF-07; RF-08","Tabla de decisión R2","Alta","Paciente inactivo; médico existente","Día hábil; 09:30","Programar cita","Rechazo; Paciente inactivo"
CP-18,"Rechazar cita con médico inexistente","RF-07; RF-08","Tabla de decisión R3","Alta","Paciente activo","doctor_id=999999; día hábil; 10:00","Programar cita","Rechazo; Médico no existe"
CP-19,"Rechazar cita en fin de semana","RF-08","Tabla de decisión R4","Alta","Paciente activo; médico existente","Próximo sábado; 10:00","Programar cita","Rechazo; solo lunes a viernes"
CP-20,"Rechazar cita fuera del horario","RF-08","Tabla de decisión R5","Alta","Paciente activo; médico existente; día hábil","07:30","Programar cita","Rechazo; horario 08:00 a 16:30"
CP-21,"Rechazar cita fuera de intervalos de 30 minutos","RF-08","Tabla de decisión R6","Alta","Paciente activo; médico existente; día hábil","09:15","Programar cita","Rechazo; citas cada 30 minutos"
CP-22,"Rechazar doble reserva del mismo médico","RF-08; RNF-03","Tabla de decisión R7","Crítica","Existe cita no cancelada en el horario","Mismo médico fecha y 11:00; paciente diferente","Intentar segunda cita > consultar agenda","Rechazo; solo una cita no cancelada en el horario"
CP-23,"Hora de apertura en límite inferior","RF-08","Análisis de valores límite","Alta","Paciente activo; médico disponible; día hábil","08:00","Programar cita","Hora aceptada; cita creada"
CP-24,"Hora de cierre en límite superior","RF-08","Análisis de valores límite","Alta","Paciente activo; médico disponible; día hábil","16:30","Programar cita","Hora aceptada; cita creada"
CP-25,"Transición PROGRAMADA a CONFIRMADA","RF-10","Transición de estados","Alta","Cita PROGRAMADA","CONFIRMADA","Cambiar estado > consultar cita","Transición aceptada; cita CONFIRMADA"
CP-26,"Transición PROGRAMADA a CANCELADA","RF-10","Transición de estados","Alta","Cita PROGRAMADA","CANCELADA","Cancelar cita > consultar","Transición aceptada; cita CANCELADA"
CP-27,"Transición CONFIRMADA a NO_ASISTIO","RF-10","Transición de estados","Alta","Cita CONFIRMADA","NO_ASISTIO","Marcar no asistió > consultar","Transición aceptada; cita NO_ASISTIO"
CP-28,"Rechazar transición desde estado final","RF-10","Transición de estados","Crítica","Cita CANCELADA","CONFIRMADA","Solicitar cambio > consultar","Rechazo; Transición no permitida; continúa CANCELADA"
CP-29,"Reprogramar cita PROGRAMADA","RF-09","Transición de estados","Alta","Cita PROGRAMADA; nuevo horario válido y disponible","Siguiente día hábil; 14:00","Reprogramar > consultar","Aceptada; mantiene PROGRAMADA; cambia fecha/hora"
CP-30,"Rechazar reprogramación de cita CANCELADA","RF-09","Transición de estados","Alta","Cita CANCELADA","Día hábil futuro; 15:00","Intentar reprogramar","Rechazo; conserva datos y estado"
CP-31,"Registrar consulta para cita CONFIRMADA","RF-11","Transición de estados","Crítica","Cita CONFIRMADA sin consulta","Diagnóstico; tratamiento; notas","Registrar consulta > consultar cita","HTTP 201; una consulta; cita ATENDIDA"
CP-32,"Consultar agenda e indicadores","RF-12","Partición de equivalencia","Media","Datos preparados en varios estados","2 pacientes activos; citas del día pendientes y atendidas","Abrir dashboard > GET /api/dashboard > filtrar agenda","HTTP 200; conteos correctos y agenda filtrada"
