Requerimiento,Casos_de_prueba,Cobertura,Ejecucion,Defectos,Estado_defecto
RF-01,CP-01; CP-02,Cubierto,CP-01=Passed; CP-02=Failed,DEF-01,DEF-01=Abierto
RF-02,CP-03; CP-04,Cubierto,CP-03=Passed; CP-04=Passed,,N/A
RF-03,CP-03; CP-04; CP-05; CP-06; CP-07; CP-08; CP-09; CP-10,Cubierto,CP-03=Passed; CP-04=Passed; CP-05=Passed; CP-06=Passed; CP-07=Passed; CP-08=Passed; CP-09=Passed; CP-10=Passed,,N/A
RF-04,CP-11; CP-12,Cubierto,CP-11=Passed; CP-12=Passed,,N/A
RF-05,CP-13; CP-14,Cubierto,CP-13=Passed; CP-14=Passed,,N/A
RF-06,CP-15,Cubierto,CP-15=Passed,,N/A
RF-07,CP-16; CP-17; CP-18,Cubierto,CP-16=Passed; CP-17=Passed; CP-18=Passed,,N/A
RF-08,CP-16; CP-17; CP-18; CP-19; CP-20; CP-21; CP-22; CP-23; CP-24,Cubierto,CP-16=Passed; CP-17=Passed; CP-18=Passed; CP-19=Passed; CP-20=Passed; CP-21=Passed; CP-22=Passed; CP-23=Passed; CP-24=Passed,,N/A
RF-09,CP-29; CP-30,Cubierto,CP-29=Passed; CP-30=Passed,,N/A
RF-10,CP-25; CP-26; CP-27; CP-28,Cubierto,CP-25=Passed; CP-26=Passed; CP-27=Passed; CP-28=Passed,,N/A
RF-11,CP-31,Cubierto,CP-31=Passed,,N/A
RF-12,CP-32,Cubierto,CP-32=Passed,,N/A
RNF-01,CP-11; CP-15; CP-32; k6 Fase 2,Cubierto parcialmente,Pendiente Fase 2; no ejecutado,,N/A
RNF-02,CP-03; CP-13; CP-16; CP-29; k6 Fase 2,Cubierto parcialmente,Pendiente Fase 2; no ejecutado,,N/A
RNF-03,CP-22,Cubierto parcialmente,CP-22 Passed; pendiente criterio de 100 intentos,,N/A
RNF-04,CP-31,Cubierto parcialmente,CP-31 Passed; pendiente reversión ante fallo de inserción,,N/A
RNF-05,CP-01; CP-02,Cubierto parcialmente,Evidencia HTTP de CP-01/CP-02; evaluación de seguridad limitada al alcance observado,,N/A
RNF-06,CP-02; CP-06; CP-08; CP-10; CP-14; CP-17; CP-18; CP-19; CP-20; CP-21; CP-22; CP-28; CP-30,Cubierto parcialmente,"Formato observado en casos API; ver E5 y exploración, sin garantía para entradas no probadas",,N/A
RNF-07,SonarQube/SonarCloud Fase 2,Planificado,Pendiente Fase 2; no ejecutado,,N/A
RNF-08,README; instalación limpia; E6,Planificado,Pendiente validación especializada de entorno limpio / E6,,N/A
RNF-09,CP-02; CP-06; CP-10; CP-17; CP-18; CP-19; CP-20; CP-21; CP-22; CP-28; CP-30,Cubierto parcialmente,No conforme en evidencia observada: DEF-01,DEF-01,DEF-01=Abierto
RNF-10,Arranque sin clinic.db,Planificado,Pendiente prueba de arranque sin SQLite,,N/A
