Codigo,Azure_DevOps_ID,Requisito,Resultado,Resultado_real_observado,Defecto_asociado,Modulo,Fecha_hora,Superficie,Evidencia,Responsable,Notas
CP-01,144,RF-01,Passed,"Credenciales válidas: HTTP 200, ok=true, respuesta sin contraseña; el panel principal y sus cuatro indicadores son visibles. El formulario de login permanece encima del panel; observación adicional separada del oráculo de acceso.",,Autenticación,2026-09-25T23:35:35.6462739-06:00,UI + corroboración HTTP,docs/evidencias/fase1/cp01-http.json; CAPTURA 1,"Codex, asistencia a ejecución académica autorizada",Observación de interfaz y evidencia complementaria indicadas en la fuente.
CP-02,145,RF-01,Failed,"Credenciales inválidas: HTTP 401 y JSON ok=false/error=Credenciales inválidas; el panel permanece oculto. El mensaje existe en #message, pero no es visible porque está dentro de #app-view con display:none. El paso 3 del XML exige mostrar el mensaje.",DEF-01,Autenticación,2026-09-25T23:35:35.6464307-06:00,UI + corroboración HTTP,docs/evidencias/fase1/cp02-http.json; ui-login-observations.json,"Codex, asistencia a ejecución académica autorizada",Observación de interfaz y evidencia complementaria indicadas en la fuente.
CP-03,146,RF-02; RF-03,Passed,"Formulario enviado con Carlos Prueba, 1995-05-15, teléfono55551234 y correo válido. PacienteUI id7 persistido activo y visible en tabla. Respuesta201 corroborada en segunda ejecución API complementaria con dataset separado.",,Pacientes,2026-09-25T23:41:01.7363049-06:00,UI + corroboración HTTP independiente,docs/evidencias/fase1/cp03-persisted.json; ui-http-corroboration.json,"Codex, asistencia a ejecución académica autorizada",Observación de interfaz y evidencia complementaria indicadas en la fuente.
CP-04,147,RF-02; RF-03,Passed,"Formulario enviado con Ana López,1988-10-20,teléfono55559876,email vacío. PacienteUI id8 persistido activo, correo vacío, visible con guion en columna. Respuesta201 corroborada en segunda ejecución API complementaria.",,Pacientes,2026-09-25T23:41:01.7364195-06:00,UI + corroboración HTTP independiente,docs/evidencias/fase1/cp04-persisted.json; ui-http-corroboration.json,"Codex, asistencia a ejecución académica autorizada",Observación de interfaz y evidencia complementaria indicadas en la fuente.
CP-05,148,RF-03,Passed,"Estado HTTP y JSON de éxito: conforme; obtenido={""http_status"":201,""body"":{""data"":{""id"":4},""ok"":true}}; Paciente persistido con los valores enviados y activo: conforme; obtenido={""active"":1,""birth_date"":""2000-01-01"",""created_at"":""2026-09-26 05:35:18"",""email"":"""",""first_name"":""Al"",""id"":4,""last_name"":""Pérez"",""phone"":""55551235""}",,Pacientes,2026-09-25T23:35:20.468725-06:00,API HTTP real; selección mediante ID y verificación GET,"docs/evidencias/fase1/api-cases.json; docs/evidencias/fase1/api-transcript.jsonl: HTTP-007, HTTP-008, HTTP-009","Codex, asistencia a ejecución académica autorizada","Resultado funcional API. No acredita visibilidad UI de RNF-09. No implica carga, concurrencia ni automatización Fase 2."
CP-06,149,RF-03,Passed,"Solicitud rechazada con mensaje esperado: conforme; obtenido={""http_status"":400,""body"":{""error"":""Nombres es obligatorio"",""ok"":false}}; No se creó paciente con los datos rechazados: conforme; obtenido=[]",,Pacientes,2026-09-25T23:35:26.580292-06:00,API HTTP real; selección mediante ID y verificación GET,"docs/evidencias/fase1/api-cases.json; docs/evidencias/fase1/api-transcript.jsonl: HTTP-010, HTTP-011, HTTP-012","Codex, asistencia a ejecución académica autorizada","Resultado funcional API. No acredita visibilidad UI de RNF-09. No implica carga, concurrencia ni automatización Fase 2."
CP-07,150,RF-03,Passed,"Estado HTTP y JSON de éxito: conforme; obtenido={""http_status"":201,""body"":{""data"":{""id"":5},""ok"":true}}; Paciente persistido con los valores enviados y activo: conforme; obtenido={""active"":1,""birth_date"":""1906-09-25"",""created_at"":""2026-09-26 05:35:30"",""email"":"""",""first_name"":""Paciente"",""id"":5,""last_name"":""Límite"",""phone"":""55551237""}",,Pacientes,2026-09-25T23:35:32.737959-06:00,API HTTP real; selección mediante ID y verificación GET,"docs/evidencias/fase1/api-cases.json; docs/evidencias/fase1/api-transcript.jsonl: HTTP-013, HTTP-014, HTTP-015","Codex, asistencia a ejecución académica autorizada","Resultado funcional API. No acredita visibilidad UI de RNF-09. No implica carga, concurrencia ni automatización Fase 2."
CP-08,151,RF-03,Passed,"Solicitud rechazada con mensaje esperado: conforme; obtenido={""http_status"":400,""body"":{""error"":""La edad no puede ser mayor a 120 años"",""ok"":false}}; No se creó paciente con los datos rechazados: conforme; obtenido=[]",,Pacientes,2026-09-25T23:35:38.884291-06:00,API HTTP real; selección mediante ID y verificación GET,"docs/evidencias/fase1/api-cases.json; docs/evidencias/fase1/api-transcript.jsonl: HTTP-016, HTTP-017, HTTP-018","Codex, asistencia a ejecución académica autorizada","Resultado funcional API. No acredita visibilidad UI de RNF-09. No implica carga, concurrencia ni automatización Fase 2."
CP-09,152,RF-03,Passed,"Estado HTTP y JSON de éxito: conforme; obtenido={""http_status"":201,""body"":{""data"":{""id"":6},""ok"":true}}; Paciente persistido con los valores enviados y activo: conforme; obtenido={""active"":1,""birth_date"":""1990-01-01"",""created_at"":""2026-09-26 05:35:42"",""email"":"""",""first_name"":""Paciente"",""id"":6,""last_name"":""TelefonoValidoAPI"",""phone"":""55551234""}",,Pacientes,2026-09-25T23:35:45.007244-06:00,API HTTP real; selección mediante ID y verificación GET,"docs/evidencias/fase1/api-cases.json; docs/evidencias/fase1/api-transcript.jsonl: HTTP-019, HTTP-020, HTTP-021","Codex, asistencia a ejecución académica autorizada","Resultado funcional API. No acredita visibilidad UI de RNF-09. No implica carga, concurrencia ni automatización Fase 2."
CP-10,153,RF-03,Passed,"Solicitud rechazada con mensaje esperado: conforme; obtenido={""http_status"":400,""body"":{""error"":""Teléfono inválido"",""ok"":false}}; No se creó paciente con los datos rechazados: conforme; obtenido=[]",,Pacientes,2026-09-25T23:35:51.168639-06:00,API HTTP real; selección mediante ID y verificación GET,"docs/evidencias/fase1/api-cases.json; docs/evidencias/fase1/api-transcript.jsonl: HTTP-022, HTTP-023, HTTP-024","Codex, asistencia a ejecución académica autorizada","Resultado funcional API. No acredita visibilidad UI de RNF-09. No implica carga, concurrencia ni automatización Fase 2."
CP-11,154,RF-04,Passed,"Al escribir Prueba, la tabla muestra Carlos Prueba con sus datos. La consulta GET devuelveHTTP200 y coincidencias de apellido.",,Pacientes,2026-09-25T23:41:01.7364537-06:00,UI + HTTP,docs/evidencias/fase1/ui-http-corroboration.json,"Codex, asistencia a ejecución académica autorizada",Observación de interfaz y evidencia complementaria indicadas en la fuente.
CP-12,155,RF-04,Passed,Sin registros visible al buscar ZZZ-No-Existe-999; GET HTTP200 con colección vacía.,,Pacientes,2026-09-25T23:49:41.849462-06:00,UI + HTTP + persistencia cuando corresponde,docs/evidencias/fase1/cp12-empty.json; ui-http-corroboration.json,"Codex, asistencia a ejecución académica autorizada",Observación de interfaz y evidencia complementaria indicadas en la fuente.
CP-13,156,RF-05,Passed,"Paciente seleccionado activo: conforme; obtenido=1; Estado HTTP y JSON de éxito: conforme; obtenido={""http_status"":200,""body"":{""data"":{""id"":3},""ok"":true}}; Paciente persistido inactivo: conforme; obtenido=0; Demás datos preservados: conforme; obtenido={""birth_date"":""1990-01-01"",""created_at"":""2026-09-26 05:35:14"",""email"":"""",""first_name"":""AuxiliarAPI"",""id"":3,""last_name"":""DesactivarC"",""phone"":""55558003""}",,Pacientes,2026-09-25T23:35:57.324155-06:00,API HTTP real; selección mediante ID y verificación GET,"docs/evidencias/fase1/api-cases.json; docs/evidencias/fase1/api-transcript.jsonl: HTTP-025, HTTP-026, HTTP-027","Codex, asistencia a ejecución académica autorizada","Resultado funcional API. No acredita visibilidad UI de RNF-09. No implica carga, concurrencia ni automatización Fase 2."
CP-14,157,RF-05,Passed,"Solicitud rechazada con mensaje esperado: conforme; obtenido={""http_status"":400,""body"":{""error"":""Estado de paciente inválido"",""ok"":false}}; Estado y registro originales preservados: conforme; obtenido={""active"":0,""birth_date"":""1990-01-01"",""created_at"":""2026-09-26 05:35:14"",""email"":"""",""first_name"":""AuxiliarAPI"",""id"":3,""last_name"":""DesactivarC"",""phone"":""55558003""}",,Pacientes,2026-09-25T23:36:03.469400-06:00,API HTTP real; selección mediante ID y verificación GET,"docs/evidencias/fase1/api-cases.json; docs/evidencias/fase1/api-transcript.jsonl: HTTP-028, HTTP-029, HTTP-030","Codex, asistencia a ejecución académica autorizada","Resultado funcional API. No acredita visibilidad UI de RNF-09. No implica carga, concurrencia ni automatización Fase 2."
CP-15,158,RF-06,Passed,"Estado HTTP y JSON de éxito: conforme; obtenido={""http_status"":200,""body"":{""data"":[{""id"":2,""name"":""Dr. Luis Pérez"",""specialty"":""Pediatría""},{""id"":1,""name"":""Dra. Ana López"",""specialty"":""Medicina General""},{""id"":3,""name"":""Dra. Sofía Morales"",""specialty"":""Medicina Interna""}],""ok"":true}}; Colección de médicos con ID nombre especialidad: conforme; obtenido=[{""id"":2,""name"":""Dr. Luis Pérez"",""specialty"":""Pediatría""},{""id"":1,""name"":""Dra. Ana López"",""specialty"":""Medicina General""},{""id"":3,""name"":""Dra. Sofía Morales"",""specialty"":""Medicina Interna""}]",,Médicos,2026-09-25T23:36:05.517440-06:00,API HTTP real; selección mediante ID y verificación GET,docs/evidencias/fase1/api-cases.json; docs/evidencias/fase1/api-transcript.jsonl: HTTP-031,"Codex, asistencia a ejecución académica autorizada","Resultado funcional API. No acredita visibilidad UI de RNF-09. No implica carga, concurrencia ni automatización Fase 2."
CP-16,159,RF-07; RF-08,Passed,"Cita UI id9 creada y observada PROGRAMADA para paciente7/médico1,2026-09-28 09:00,Control general. API independiente id10 devuelve201. Posterior cancelación accidental de herramienta registrada en setup; no forma parte del resultado original.",,Agenda,2026-09-25T23:49:41.849462-06:00,UI + HTTP + persistencia cuando corresponde,docs/evidencias/fase1/cp16-persisted.json; ui-http-corroboration.json; ui-fixtures.json,"Codex, asistencia a ejecución académica autorizada",Observación de interfaz y evidencia complementaria indicadas en la fuente.
CP-17,160,RF-07; RF-08,Passed,"Solicitud rechazada con mensaje esperado: conforme; obtenido={""http_status"":400,""body"":{""error"":""Paciente inactivo"",""ok"":false}}; No se creó cita con los datos rechazados: conforme; obtenido=[]",,Agenda,2026-09-25T23:36:11.628538-06:00,API HTTP real; selección mediante ID y verificación GET,"docs/evidencias/fase1/api-cases.json; docs/evidencias/fase1/api-transcript.jsonl: HTTP-032, HTTP-033, HTTP-034","Codex, asistencia a ejecución académica autorizada","Resultado funcional API. No acredita visibilidad UI de RNF-09. No implica carga, concurrencia ni automatización Fase 2."
CP-18,161,RF-07; RF-08,Passed,"Solicitud rechazada con mensaje esperado: conforme; obtenido={""http_status"":400,""body"":{""error"":""Médico no existe"",""ok"":false}}; No se creó cita con los datos rechazados: conforme; obtenido=[]",,Agenda,2026-09-25T23:36:17.762071-06:00,API HTTP real; selección mediante ID y verificación GET,"docs/evidencias/fase1/api-cases.json; docs/evidencias/fase1/api-transcript.jsonl: HTTP-035, HTTP-036, HTTP-037","Codex, asistencia a ejecución académica autorizada","Resultado funcional API. No acredita visibilidad UI de RNF-09. No implica carga, concurrencia ni automatización Fase 2."
CP-19,162,RF-08,Passed,"Solicitud rechazada con mensaje esperado: conforme; obtenido={""http_status"":400,""body"":{""error"":""Las citas solo se programan de lunes a viernes"",""ok"":false}}; No se creó cita con los datos rechazados: conforme; obtenido=[]",,Agenda,2026-09-25T23:36:23.907423-06:00,API HTTP real; selección mediante ID y verificación GET,"docs/evidencias/fase1/api-cases.json; docs/evidencias/fase1/api-transcript.jsonl: HTTP-038, HTTP-039, HTTP-040","Codex, asistencia a ejecución académica autorizada","Resultado funcional API. No acredita visibilidad UI de RNF-09. No implica carga, concurrencia ni automatización Fase 2."
CP-20,163,RF-08,Passed,"Solicitud rechazada con mensaje esperado: conforme; obtenido={""http_status"":400,""body"":{""error"":""Horario permitido: 08:00 a 16:30"",""ok"":false}}; No se creó cita con los datos rechazados: conforme; obtenido=[]",,Agenda,2026-09-25T23:36:30.049919-06:00,API HTTP real; selección mediante ID y verificación GET,"docs/evidencias/fase1/api-cases.json; docs/evidencias/fase1/api-transcript.jsonl: HTTP-041, HTTP-042, HTTP-043","Codex, asistencia a ejecución académica autorizada","Resultado funcional API. No acredita visibilidad UI de RNF-09. No implica carga, concurrencia ni automatización Fase 2."
CP-21,164,RF-08,Passed,"Solicitud rechazada con mensaje esperado: conforme; obtenido={""http_status"":400,""body"":{""error"":""Las citas deben iniciar cada 30 minutos"",""ok"":false}}; No se creó cita con los datos rechazados: conforme; obtenido=[]",,Agenda,2026-09-25T23:36:36.192173-06:00,API HTTP real; selección mediante ID y verificación GET,"docs/evidencias/fase1/api-cases.json; docs/evidencias/fase1/api-transcript.jsonl: HTTP-044, HTTP-045, HTTP-046","Codex, asistencia a ejecución académica autorizada","Resultado funcional API. No acredita visibilidad UI de RNF-09. No implica carga, concurrencia ni automatización Fase 2."
CP-22,165,RF-08; RNF-03,Passed,"Solicitud rechazada con mensaje esperado: conforme; obtenido={""http_status"":400,""body"":{""error"":""El médico ya tiene una cita en ese horario"",""ok"":false}}; No se creó cita con los datos rechazados: conforme; obtenido=[]; Solo una cita no cancelada ocupa el horario: conforme; obtenido=[{""appointment_date"":""2026-09-28"",""appointment_time"":""11:00"",""created_at"":""2026-09-26 05:36:38"",""doctor_id"":2,""doctor_name"":""Dr. Luis Pérez"",""id"":1,""patient_id"":1,""patient_name"":""AuxiliarAPI ActivoA"",""reason"":""Auxiliar CP-22 E5-API-20260925T233502-0600"",""specialty"":""Pediatría"",""status"":""PROGRAMADA""}]",,Agenda,2026-09-25T23:36:46.449525-06:00,API HTTP real; selección mediante ID y verificación GET,"docs/evidencias/fase1/api-cases.json; docs/evidencias/fase1/api-transcript.jsonl: HTTP-047, HTTP-048, HTTP-049, HTTP-050, HTTP-051","Codex, asistencia a ejecución académica autorizada","Resultado funcional API. No acredita visibilidad UI de RNF-09. No implica carga, concurrencia ni automatización Fase 2."
CP-23,166,RF-08,Passed,"Estado HTTP y JSON de éxito: conforme; obtenido={""http_status"":201,""body"":{""data"":{""id"":2},""ok"":true}}; Cita persistida PROGRAMADA con horario límite: conforme; obtenido={""appointment_date"":""2026-09-28"",""appointment_time"":""08:00"",""created_at"":""2026-09-26 05:36:48"",""doctor_id"":2,""doctor_name"":""Dr. Luis Pérez"",""id"":2,""patient_id"":1,""patient_name"":""AuxiliarAPI ActivoA"",""reason"":""Consulta"",""specialty"":""Pediatría"",""status"":""PROGRAMADA""}",,Agenda,2026-09-25T23:36:50.535389-06:00,API HTTP real; selección mediante ID y verificación GET,"docs/evidencias/fase1/api-cases.json; docs/evidencias/fase1/api-transcript.jsonl: HTTP-052, HTTP-053","Codex, asistencia a ejecución académica autorizada","Resultado funcional API. No acredita visibilidad UI de RNF-09. No implica carga, concurrencia ni automatización Fase 2."
CP-24,167,RF-08,Passed,"Estado HTTP y JSON de éxito: conforme; obtenido={""http_status"":201,""body"":{""data"":{""id"":3},""ok"":true}}; Cita persistida PROGRAMADA con horario límite: conforme; obtenido={""appointment_date"":""2026-09-28"",""appointment_time"":""16:30"",""created_at"":""2026-09-26 05:36:52"",""doctor_id"":2,""doctor_name"":""Dr. Luis Pérez"",""id"":3,""patient_id"":1,""patient_name"":""AuxiliarAPI ActivoA"",""reason"":""Consulta"",""specialty"":""Pediatría"",""status"":""PROGRAMADA""}",,Agenda,2026-09-25T23:36:54.642494-06:00,API HTTP real; selección mediante ID y verificación GET,"docs/evidencias/fase1/api-cases.json; docs/evidencias/fase1/api-transcript.jsonl: HTTP-054, HTTP-055","Codex, asistencia a ejecución académica autorizada","Resultado funcional API. No acredita visibilidad UI de RNF-09. No implica carga, concurrencia ni automatización Fase 2."
CP-25,168,RF-10,Passed,"Precondición: estado inicial: conforme; obtenido=PROGRAMADA; Estado HTTP y JSON de éxito: conforme; obtenido={""http_status"":200,""body"":{""data"":{""id"":4,""status"":""CONFIRMADA""},""ok"":true}}; Estado persistido correcto: conforme; obtenido=CONFIRMADA",,Estados,2026-09-25T23:37:02.865740-06:00,API HTTP real; selección mediante ID y verificación GET,"docs/evidencias/fase1/api-cases.json; docs/evidencias/fase1/api-transcript.jsonl: HTTP-056, HTTP-057, HTTP-058, HTTP-059","Codex, asistencia a ejecución académica autorizada","Resultado funcional API. No acredita visibilidad UI de RNF-09. No implica carga, concurrencia ni automatización Fase 2."
CP-26,169,RF-10,Passed,"Precondición: estado inicial: conforme; obtenido=PROGRAMADA; Estado HTTP y JSON de éxito: conforme; obtenido={""http_status"":200,""body"":{""data"":{""id"":5,""status"":""CANCELADA""},""ok"":true}}; Estado persistido correcto: conforme; obtenido=CANCELADA",,Estados,2026-09-25T23:37:11.049196-06:00,API HTTP real; selección mediante ID y verificación GET,"docs/evidencias/fase1/api-cases.json; docs/evidencias/fase1/api-transcript.jsonl: HTTP-060, HTTP-061, HTTP-062, HTTP-063","Codex, asistencia a ejecución académica autorizada","Resultado funcional API. No acredita visibilidad UI de RNF-09. No implica carga, concurrencia ni automatización Fase 2."
CP-27,170,RF-10,Passed,"Precondición: estado inicial: conforme; obtenido=CONFIRMADA; Estado HTTP y JSON de éxito: conforme; obtenido={""http_status"":200,""body"":{""data"":{""id"":6,""status"":""NO_ASISTIO""},""ok"":true}}; Estado persistido correcto: conforme; obtenido=NO_ASISTIO",,Estados,2026-09-25T23:37:21.299500-06:00,API HTTP real; selección mediante ID y verificación GET,"docs/evidencias/fase1/api-cases.json; docs/evidencias/fase1/api-transcript.jsonl: HTTP-064, HTTP-065, HTTP-066, HTTP-067, HTTP-068","Codex, asistencia a ejecución académica autorizada","Resultado funcional API. No acredita visibilidad UI de RNF-09. No implica carga, concurrencia ni automatización Fase 2."
CP-28,171,RF-10,Passed,"Precondición: estado inicial: conforme; obtenido=CANCELADA; Solicitud rechazada con mensaje esperado: conforme; obtenido={""http_status"":400,""body"":{""error"":""Transición no permitida: CANCELADA -> CONFIRMADA"",""ok"":false}}; Estado persistido correcto: conforme; obtenido=CANCELADA; Registro original íntegro: conforme; obtenido={""appointment_date"":""2026-09-28"",""appointment_time"":""13:30"",""created_at"":""2026-09-26 05:37:23"",""doctor_id"":2,""doctor_name"":""Dr. Luis Pérez"",""id"":7,""patient_id"":1,""patient_name"":""AuxiliarAPI ActivoA"",""reason"":""Auxiliar CP-28 E5-API-20260925T233502-0600"",""specialty"":""Pediatría"",""status"":""CANCELADA""}",,Estados,2026-09-25T23:37:31.579869-06:00,API HTTP real; selección mediante ID y verificación GET,"docs/evidencias/fase1/api-cases.json; docs/evidencias/fase1/api-transcript.jsonl: HTTP-069, HTTP-070, HTTP-071, HTTP-072, HTTP-073","Codex, asistencia a ejecución académica autorizada","Resultado funcional API. No acredita visibilidad UI de RNF-09. No implica carga, concurrencia ni automatización Fase 2."
CP-29,172,RF-09,Passed,PUT HTTP200 reprogramó cita16 a2026-09-29 14:00; conserva PROGRAMADA. SQLite y tabla de Chrome coinciden.,,Agenda,2026-09-25T23:58:50.985108-06:00,API real + SQLite + verificación visual en Chrome,docs/evidencias/fase1/cp29-cp31-final.json,"Codex, asistencia a ejecución académica autorizada",Cierre funcional por API autorizado; los diálogos no se acreditan como flujo UI automatizado completo.
CP-30,173,RF-09,Passed,"Cita seleccionada cancelada: conforme; obtenido=CANCELADA; Solicitud rechazada con mensaje esperado: conforme; obtenido={""http_status"":400,""body"":{""error"":""Solo se pueden reprogramar citas programadas o confirmadas"",""ok"":false}}; Fecha hora estado y demás datos originales preservados: conforme; obtenido={""appointment_date"":""2026-09-28"",""appointment_time"":""14:30"",""created_at"":""2026-09-26 05:37:33"",""doctor_id"":2,""doctor_name"":""Dr. Luis Pérez"",""id"":8,""patient_id"":1,""patient_name"":""AuxiliarAPI ActivoA"",""reason"":""Auxiliar CP-30 E5-API-20260925T233502-0600"",""specialty"":""Pediatría"",""status"":""CANCELADA""}",,Agenda,2026-09-25T23:37:41.806513-06:00,API HTTP real; selección mediante ID y verificación GET,"docs/evidencias/fase1/api-cases.json; docs/evidencias/fase1/api-transcript.jsonl: HTTP-074, HTTP-075, HTTP-076, HTTP-077, HTTP-078","Codex, asistencia a ejecución académica autorizada","Resultado funcional API. No acredita visibilidad UI de RNF-09. No implica carga, concurrencia ni automatización Fase 2."
CP-31,174,RF-11,Passed,"POST HTTP201 creó exactamente una consulta (id2) para cita14. Diagnóstico, tratamiento y notas exactos; cita ATENDIDA en SQLite y tabla Chrome.",,Consultas,2026-09-25T23:58:50.985108-06:00,API real + SQLite + verificación visual en Chrome,docs/evidencias/fase1/cp29-cp31-final.json,"Codex, asistencia a ejecución académica autorizada",Cierre funcional por API autorizado; los diálogos no se acreditan como flujo UI automatizado completo.
CP-32,175,RF-12,Passed,"Dashboard UI y GET HTTP200 coinciden con SQLite:9 pacientes activos,1 cita hoy,10 pendientes,1 atendida. Filtro2026-09-25 muestra únicamente1cita de esa fecha. Fixture histórica sintética documentada separadamente.",,Dashboard,2026-09-25T23:49:41.849462-06:00,UI + HTTP + persistencia cuando corresponde,docs/evidencias/fase1/cp32-setup.json; cp32-observed.json,"Codex, asistencia a ejecución académica autorizada",Observación de interfaz y evidencia complementaria indicadas en la fuente.
